name,interval,avg,min,max,standard deviation
1min_test,60,0.693224057,0.403846154,0.930232558,0.832600779
1min_test,45,0.760001947,0.531914894,1,0.871780905
1min_test,30,0.785477992,0.463414634,1,0.886271963
1min_test,25,0.787322057,0.488888889,1,0.887311702
1min_test,20,0.816326597,0.325581395,1,0.90350794
1min_test,15,0.814270117,0.285714286,1,0.902369169
1min_test,10,0.868502301,0.357142857,1,0.931934708
1min_test,5,0.903833154,0.348837209,1,0.950701401
