name,interval,avg
1min_test,60,0.664339722
1min_test,45,0.736251886
1min_test,30,0.769113867
1min_test,25,0.773747539
1min_test,20,0.804988728
1min_test,15,0.80587558
1min_test,10,0.86251263
1min_test,5,0.900727198
