name,interval,avg
60m_by_15m,15,0.946236559
60m_by_10m,10,0.853150407
60m_by_5m,5,0.968772894
